<?xml version="1.0" encoding="UTF-8" standalone="no"?>
<root>
	<Chip>
		<Name>HT32F1251</Name>
		<User>coocox</User>
	</Chip>
	<Chip>
		<Name>HT32F1251B</Name>
		<User>coocox</User>
	</Chip>
	<Chip>
		<Name>HT32F1252</Name>
		<User>coocox</User>
  </Chip>
  <Chip>
		<Name>HT32F1253</Name>
		<User>coocox</User>
	</Chip>
	<Chip>
		<Name>HT32F1755</Name>
		<User>coocox</User>
	</Chip>
	<Chip>
		<Name>HT32F1765</Name>
		<User>coocox</User>
	</Chip>
	<Chip>
		<Name>HT32F2755</Name>
		<User>coocox</User>
	</Chip>
</root>