<?xml version="1.0" encoding="UTF-8" standalone="no"?>
<root>
	<Chip>
		<Name>NUC100LC1BN</Name>
		<User>coocox</User>
	</Chip>
	<Chip>
		<Name>NUC100LD1BN</Name>
		<User>coocox</User>
	</Chip>
	<Chip>
		<Name>NUC100LD2BN</Name>
		<User>coocox</User>
  </Chip>
  <Chip>
		<Name>NUC100LD3AN</Name>
		<User>coocox</User>
	</Chip>
	<Chip>
		<Name>NUC100LE3AN</Name>
		<User>coocox</User>
	</Chip>
	<Chip>
		<Name>NUC100RC1BN</Name>
		<User>coocox</User>
	</Chip>
	<Chip>
		<Name>NUC100RD1BN</Name>
		<User>coocox</User>
	</Chip>
	<Chip>
		<Name>NUC100RD2BN</Name>
		<User>coocox</User>
	</Chip>
	<Chip>
		<Name>NUC100RD3AN</Name>
		<User>coocox</User>
	</Chip>
	<Chip>
		<Name>NUC100RE3AN</Name>
		<User>coocox</User>
	</Chip>
	<Chip>
		<Name>NUC100VD2AN</Name>
		<User>coocox</User>
  </Chip>
  <Chip>
		<Name>NUC100VD3AN</Name>
		<User>coocox</User>
	</Chip>
	<Chip>
		<Name>NUC100VE3AN</Name>
		<User>coocox</User>
	</Chip>
	<Chip>
		<Name>NUC120LC1BN</Name>
		<User>coocox</User>
	</Chip>
	<Chip>
		<Name>NUC120LD1BN</Name>
		<User>coocox</User>
	</Chip>
	<Chip>
		<Name>NUC120LD2BN</Name>
		<User>coocox</User>
	</Chip>
	<Chip>
		<Name>NUC120LD3AN</Name>
		<User>coocox</User>
	</Chip>
	<Chip>
		<Name>NUC120LE3AN</Name>
		<User>coocox</User>
	</Chip>
	<Chip>
		<Name>NUC120RC1BN</Name>
		<User>coocox</User>
	</Chip>
	<Chip>
		<Name>NUC120RD1BN</Name>
		<User>coocox</User>
	</Chip>
	<Chip>
		<Name>NUC120RD2BN</Name>
		<User>coocox</User>
	</Chip>
	<Chip>
		<Name>NUC120RD3AN</Name>
		<User>coocox</User>
	</Chip>
	<Chip>
		<Name>NUC120RE3AN</Name>
		<User>coocox</User>
	</Chip>
	<Chip>
		<Name>NUC120VD2AN</Name>
		<User>coocox</User>
	</Chip>
	<Chip>
		<Name>NUC120VD3AN</Name>
		<User>coocox</User>
	</Chip>
	<Chip>
		<Name>NUC120VE3CN</Name>
		<User>coocox</User>
	</Chip>
<Chip>
		<Name>NUC122ZD2AN</Name>
		<User>coocox</User>
	</Chip>
	<Chip>
		<Name>NUC122ZC1AN</Name>
		<User>coocox</User>
	</Chip>
	<Chip>
		<Name>NUC122SD2AN</Name>
		<User>coocox</User>
	</Chip>
	<Chip>
		<Name>NUC122SC1AN</Name>
		<User>coocox</User>
	</Chip>
	<Chip>
		<Name>NUC122LD2AN</Name>
		<User>coocox</User>
	</Chip>
	<Chip>
		<Name>NUC130LC1CN</Name>
		<User>coocox</User>
	</Chip>
	<Chip>
		<Name>NUC130LD2CN</Name>
		<User>coocox</User>
	</Chip>
	<Chip>
		<Name>NUC130LE3CN</Name>
		<User>coocox</User>
	</Chip>
	<Chip>
		<Name>NUC130RC1CN</Name>
		<User>coocox</User>
	</Chip>
	<Chip>
		<Name>NUC130RD2CN</Name>
		<User>coocox</User>
	</Chip>
	<Chip>
		<Name>NUC130RE3CN</Name>
		<User>coocox</User>
	</Chip>
	<Chip>
		<Name>NUC130VE3CN</Name>
		<User>coocox</User>
	</Chip>
	<Chip>
		<Name>NUC140LC1CN</Name>
		<User>coocox</User>
	</Chip>
	<Chip>
		<Name>NUC140LD2CN</Name>
		<User>coocox</User>
	</Chip>
	<Chip>
		<Name>NUC140LE3CN</Name>
		<User>coocox</User>
	</Chip>
	<Chip>
		<Name>NUC140RC1CN</Name>
		<User>coocox</User>
	</Chip>
	<Chip>
		<Name>NUC140RD2CN</Name>
		<User>coocox</User>
	</Chip>
	<Chip>
		<Name>NUC140RE3CN</Name>
		<User>coocox</User>
	</Chip>
	<Chip>
		<Name>NUC140VE3CN</Name>
		<User>coocox</User>
	</Chip>
	<Chip>
		<Name>NANO100KC2BN</Name>
		<User>coocox</User>
	</Chip>
	<Chip>
		<Name>NANO100KD2BN</Name>
		<User>coocox</User>
	</Chip>
	<Chip>
		<Name>NANO100KD3BN</Name>
		<User>coocox</User>
	</Chip>
	<Chip>
		<Name>NANO100KE3BN</Name>
		<User>coocox</User>
	</Chip>
	<Chip>
		<Name>NANO100SC2BN</Name>
		<User>coocox</User>
	</Chip>
	<Chip>
		<Name>NANO100SD2BN</Name>
		<User>coocox</User>
	</Chip>
	<Chip>
		<Name>NANO100SD3BN</Name>
		<User>coocox</User>
	</Chip>
	<Chip>
		<Name>NANO100SE3BN</Name>
		<User>coocox</User>
	</Chip>
	<Chip>
		<Name>NANO100LC2BN</Name>
		<User>coocox</User>
	</Chip>
	<Chip>
		<Name>NANO100LD2BN</Name>
		<User>coocox</User>
	</Chip>
	<Chip>
		<Name>NANO100LD3BN</Name>
		<User>coocox</User>
	</Chip>
	<Chip>
		<Name>NANO100LE3BN</Name>
		<User>coocox</User>
	</Chip>
	<Chip>
		<Name>NANO110KC2BN</Name>
		<User>coocox</User>
	</Chip>
	<Chip>
		<Name>NANO110KD2BN</Name>
		<User>coocox</User>
	</Chip>
	<Chip>
		<Name>NANO110KD3BN</Name>
		<User>coocox</User>
	</Chip>
	<Chip>
		<Name>NANO110KE3BN</Name>
		<User>coocox</User>
	</Chip>
	<Chip>
		<Name>NANO110SC2BN</Name>
		<User>coocox</User>
	</Chip>
	<Chip>
		<Name>NANO110SD2BN</Name>
		<User>coocox</User>
	</Chip>
	<Chip>
		<Name>NANO110SD3BN</Name>
		<User>coocox</User>
	</Chip>
	<Chip>
		<Name>NANO110SE3BN</Name>
		<User>coocox</User>
	</Chip>
	<Chip>
		<Name>NANO120KC2BN</Name>
		<User>coocox</User>
	</Chip>
	<Chip>
		<Name>NANO120KD2BN</Name>
		<User>coocox</User>
	</Chip>
	<Chip>
		<Name>NANO120KD3BN</Name>
		<User>coocox</User>
	</Chip>
	<Chip>
		<Name>NANO120KE3BN</Name>
		<User>coocox</User>
	</Chip>
	<Chip>
		<Name>NANO120SC2BN</Name>
		<User>coocox</User>
	</Chip>
	<Chip>
		<Name>NANO120SD2BN</Name>
		<User>coocox</User>
	</Chip>
	<Chip>
		<Name>NANO120SD3BN</Name>
		<User>coocox</User>
	</Chip>
	<Chip>
		<Name>NANO120SE3BN</Name>
		<User>coocox</User>
	</Chip>
	<Chip>
		<Name>NANO120LC2BN</Name>
		<User>coocox</User>
	</Chip>
	<Chip>
		<Name>NANO120LD2BN</Name>
		<User>coocox</User>
	</Chip>
	<Chip>
		<Name>NANO120LD3BN</Name>
		<User>coocox</User>
	</Chip>
	<Chip>
		<Name>NANO120LE3BN</Name>
		<User>coocox</User>
	</Chip>
	<Chip>
		<Name>NANO130KC2BN</Name>
		<User>coocox</User>
	</Chip>
	<Chip>
		<Name>NANO130KD2BN</Name>
		<User>coocox</User>
	</Chip>
	<Chip>
		<Name>NANO130KD3BN</Name>
		<User>coocox</User>
	</Chip>
	<Chip>
		<Name>NANO130KE3BN</Name>
		<User>coocox</User>
	</Chip>
	<Chip>
		<Name>NANO130SC2BN</Name>
		<User>coocox</User>
	</Chip>
	<Chip>
		<Name>NANO130SD2BN</Name>
		<User>coocox</User>
	</Chip>
	<Chip>
		<Name>NANO130SD3BN</Name>
		<User>coocox</User>
	</Chip>
	<Chip>
		<Name>NANO130SE3BN</Name>
		<User>coocox</User>
	</Chip>
	<Chip>
		<Name>M0516LAN</Name>
		<User>coocox</User>
	</Chip>
	<Chip>
		<Name>M0516ZAN</Name>
		<User>coocox</User>
	</Chip>
	<Chip>
		<Name>M052LBN</Name>
		<User>coocox</User>
	</Chip>
	<Chip>
		<Name>M052ZBN</Name>
		<User>coocox</User>
	</Chip>
	<Chip>
		<Name>M054LBN</Name>
		<User>coocox</User>
	</Chip>
	<Chip>
		<Name>M054ZBN</Name>
		<User>coocox</User>
	</Chip>
	<Chip>
		<Name>M058LBN</Name>
		<User>coocox</User>
	</Chip>
	<Chip>
		<Name>M058ZBN</Name>
		<User>coocox</User>
	</Chip>
	<Chip>
		<Name>Mini51LAN</Name>
		<User>coocox</User>
	</Chip>
	<Chip>
		<Name>Mini51ZAN</Name>
		<User>coocox</User>
	</Chip>
	<Chip>
		<Name>Mini52LAN</Name>
		<User>coocox</User>
	</Chip>
	<Chip>
		<Name>Mini52ZAN</Name>
		<User>coocox</User>
	</Chip>
	<Chip>
		<Name>Mini54LAN</Name>
		<User>coocox</User>
	</Chip>
	<Chip>
		<Name>Mini54ZAN</Name>
		<User>coocox</User>
	</Chip>
</root>