<?xml version="1.0" encoding="UTF-8" standalone="no"?>
<Root>
  <DeviceFamily> </DeviceFamily>
  <DeviceNumber>STM32F051CB</DeviceNumber>
  <RegisterGroup>
    <Name>TIM2</Name>
    <BaseAddress>0x20000000</BaseAddress>
    <PeripheralType> </PeripheralType>
    <Description>General-purpose timers TIM2</Description>
    <Size> </Size>
    <User>nierosp,coocox,</User>
  <Register>
      <Name>CR1</Name>
      <BaseOffset>0x00</BaseOffset>
      <Access>Write Only</Access>
      <Description>TIM2 Control Register</Description>
      <ResetValue>0x0000</ResetValue>
      <User>nierosp,coocox,</User>
    <BitField>
        <Name>CEN</Name>
        <Description>Counter Enable</Description>
        <Position>0</Position>
        <Size>1</Size>
        <Access>Write Only</Access>
        <User>nierosp,coocox,</User>
      </BitField>
    <BitField>
        <Name>UDIS</Name>
        <Description>Update Disable</Description>
        <Position>1</Position>
        <Size>1</Size>
        <Access>Write Only</Access>
        <User>nierosp,coocox,</User>
      </BitField>
    <BitField>
        <Name>UDS</Name>
        <Description>Update Request Source</Description>
        <Position>2</Position>
        <Size>1</Size>
        <Access>Write Only</Access>
        <User>nierosp,coocox,</User>
      </BitField>
    <BitField>
        <Name>OPM</Name>
        <Description>One Pulse Mode</Description>
        <Position>3</Position>
        <Size>1</Size>
        <Access>Write Only</Access>
        <User>nierosp,coocox,</User>
      </BitField>
    <BitField>
        <Name>DIR</Name>
        <Description>Count Direction</Description>
        <Position>4</Position>
        <Size>1</Size>
        <Access>Write Only</Access>
        <User>nierosp,coocox,</User>
      </BitField>
    <BitField>
        <Name>CMS</Name>
        <Description>Center-Aligned Mode Selection</Description>
        <Position>5</Position>
        <Size>2</Size>
        <Access>Write Only</Access>
        <User>nierosp,coocox,</User>
      </BitField>
    <BitField>
        <Name>ARPE</Name>
        <Description>Auto-Reload Preload Enable</Description>
        <Position>7</Position>
        <Size>1</Size>
        <Access>Write Only</Access>
        <User>nierosp,coocox,</User>
      </BitField>
    <BitField>
        <Name>CKD</Name>
        <Description>Clock Division</Description>
        <Position>8</Position>
        <Size>2</Size>
        <Access>Write Only</Access>
        <User>nierosp,coocox,</User>
      </BitField>
    </Register>
  <Register>
      <Name>CR2</Name>
      <BaseOffset> </BaseOffset>
      <Access> </Access>
      <Description> </Description>
      <ResetValue> </ResetValue>
      <User>nierosp,coocox,</User>
    </Register>
  <Register>
      <Name>SMCR</Name>
      <BaseOffset> </BaseOffset>
      <Access> </Access>
      <Description> </Description>
      <ResetValue> </ResetValue>
      <User>nierosp,coocox,</User>
    </Register>
  <Register>
      <Name>DIER</Name>
      <BaseOffset> </BaseOffset>
      <Access> </Access>
      <Description> </Description>
      <ResetValue> </ResetValue>
      <User>nierosp,coocox,</User>
    </Register>
  <Register>
      <Name>SR</Name>
      <BaseOffset> </BaseOffset>
      <Access> </Access>
      <Description> </Description>
      <ResetValue> </ResetValue>
      <User>nierosp,coocox,</User>
    </Register>
  <Register>
      <Name>EGR</Name>
      <BaseOffset> </BaseOffset>
      <Access> </Access>
      <Description> </Description>
      <ResetValue> </ResetValue>
      <User>nierosp,coocox,</User>
    </Register>
  <Register>
      <Name>CCMR1_CAPTURE_MODE</Name>
      <BaseOffset> </BaseOffset>
      <Access> </Access>
      <Description> </Description>
      <ResetValue> </ResetValue>
      <User>nierosp,coocox,</User>
    </Register>
  <Register>
      <Name>CCMR1_COMPARE_MODE</Name>
      <BaseOffset> </BaseOffset>
      <Access> </Access>
      <Description> </Description>
      <ResetValue> </ResetValue>
      <User>nierosp,coocox,</User>
    </Register>
  </RegisterGroup>
<RegisterGroup>
    <Name>TIM3</Name>
    <BaseAddress>0x40000400</BaseAddress>
    <PeripheralType> </PeripheralType>
    <Description>General-purpose timers TIM3</Description>
    <Size> </Size>
    <User>nierosp,coocox,</User>
  </RegisterGroup>
<RegisterGroup>
    <Name>TIM6</Name>
    <BaseAddress>0x40001000</BaseAddress>
    <PeripheralType> </PeripheralType>
    <Description>Basic Timer TIM6</Description>
    <Size> </Size>
    <User>nierosp,coocox,</User>
  </RegisterGroup>
<RegisterGroup>
    <Name>TIM14</Name>
    <BaseAddress>0x40002000</BaseAddress>
    <PeripheralType> </PeripheralType>
    <Description>General-purpose timer TIM14</Description>
    <Size> </Size>
    <User>nierosp,coocox,</User>
  </RegisterGroup>
<RegisterGroup>
    <Name>RTC</Name>
    <BaseAddress>0x40002800</BaseAddress>
    <PeripheralType> </PeripheralType>
    <Description>Real-Time Clock RTC</Description>
    <Size> </Size>
    <User>nierosp,coocox,</User>
  </RegisterGroup>
<RegisterGroup>
    <Name>ADC1</Name>
    <BaseAddress>0x40012400</BaseAddress>
    <PeripheralType> </PeripheralType>
    <Description>Analog to Digital Converter 1</Description>
    <Size> </Size>
    <User>nierosp,coocox,</User>
  </RegisterGroup>
</Root>
