<?xml version="1.0" encoding="UTF-8" standalone="no"?>
<root>
	<Chip>
		<Name>EFM32G200F16</Name>
		<User>coocox</User>
	</Chip>
	<Chip>
		<Name>EFM32G200F32</Name>
		<User>coocox</User>
	</Chip>
	<Chip>
		<Name>EFM32G200F64</Name>
		<User>coocox</User>
  </Chip>
  <Chip>
		<Name>EFM32G210F128</Name>
		<User>coocox</User>
	</Chip>
	<Chip>
		<Name>EFM32G230F32</Name>
		<User>coocox</User>
	</Chip>
	<Chip>
		<Name>EFM32G230F64</Name>
		<User>coocox</User>
	</Chip>
	<Chip>
		<Name>EFM32G230F128</Name>
		<User>coocox</User>
	</Chip>
	<Chip>
		<Name>EFM32G280F32</Name>
		<User>coocox</User>
	</Chip>
	<Chip>
		<Name>EFM32G280F64</Name>
		<User>coocox</User>
	</Chip>
	<Chip>
		<Name>EFM32G280F128</Name>
		<User>coocox</User>
	</Chip>
	<Chip>
		<Name>EFM32G290F32</Name>
		<User>coocox</User>
	</Chip>
	<Chip>
		<Name>EFM32G290F64</Name>
		<User>coocox</User>
	</Chip>
	<Chip>
		<Name>EFM32G290F128</Name>
		<User>coocox</User>
	</Chip>
	<Chip>
		<Name>EFM32G840F32</Name>
		<User>coocox</User>
	</Chip>
	<Chip>
		<Name>EFM32G840F64</Name>
		<User>coocox</User>
	</Chip>
	<Chip>
		<Name>EFM32G840F128</Name>
		<User>coocox</User>
	</Chip>
	<Chip>
		<Name>EFM32G880F32</Name>
		<User>coocox</User>
	</Chip>
	<Chip>
		<Name>EFM32G880F64</Name>
		<User>coocox</User>
	</Chip>
	<Chip>
		<Name>EFM32G880F128</Name>
		<User>coocox</User>
	</Chip>
	<Chip>
		<Name>EFM32G890F32</Name>
		<User>coocox</User>
	</Chip>
	<Chip>
		<Name>EFM32G890F64</Name>
		<User>coocox</User>
	</Chip>
	<Chip>
		<Name>EFM32G890F128</Name>
		<User>coocox</User>
	</Chip>
</root>