<?xml version="1.0" encoding="UTF-8" standalone="no"?>
<root>
	<Chip>
		<Name>LPC1111</Name>
		<User>coocox</User>
	</Chip>
	<Chip>
		<Name>LPC1112</Name>
		<User>coocox</User>
	</Chip>
	<Chip>
		<Name>LPC1113</Name>
		<User>coocox</User>
  </Chip>
  <Chip>
		<Name>LPC1114</Name>
		<User>coocox</User>
	</Chip>
	<Chip>
		<Name>LPC1311</Name>
		<User>coocox</User>
	</Chip>
	<Chip>
		<Name>LPC1313</Name>
		<User>coocox</User>
	</Chip>
	<Chip>
		<Name>LPC1342</Name>
		<User>coocox</User>
	</Chip>
	<Chip>
		<Name>LPC1343</Name>
		<User>coocox</User>
	</Chip>
</root>
