<?xml version="1.0" encoding="UTF-8" standalone="no"?>
<root>
  <Chip>
    <Name>STM32F100C4</Name>
    <User>coocox</User>
  </Chip>
	<Chip>
    <Name>STM32F100C6</Name>
    <User>coocox</User>
  </Chip>
	<Chip>
    <Name>STM32F100C8</Name>
    <User>coocox</User>
  </Chip>
	<Chip>
    <Name>STM32F100CB</Name>
    <User>coocox</User>
  </Chip>
  <Chip>
    <Name>STM32F100R4</Name>
    <User>coocox</User>
  </Chip>
	<Chip>
    <Name>STM32F100R6</Name>
    <User>coocox</User>
  </Chip>
	<Chip>
    <Name>STM32F100R8</Name>
    <User>coocox</User>
  </Chip>
	<Chip>
    <Name>STM32F100RB</Name>
    <User>coocox</User>
  </Chip>
  <Chip>
    <Name>STM32F100RC</Name>
    <User>coocox</User>
  </Chip>
	<Chip>
    <Name>STM32F100RD</Name>
    <User>coocox</User>
  </Chip>
  <Chip>
    <Name>STM32F100RE</Name>
    <User>coocox</User>
  </Chip>
	<Chip>
    <Name>STM32F100V8</Name>
    <User>coocox</User>
  </Chip>
	<Chip>
    <Name>STM32F100VB</Name>
    <User>coocox</User>
  </Chip>
	<Chip>
    <Name>STM32F100VC</Name>
    <User>coocox</User>
  </Chip>
  <Chip>
    <Name>STM32F100VD</Name>
    <User>coocox</User>
  </Chip>
	<Chip>
    <Name>STM32F100VE</Name>
    <User>coocox</User>
  </Chip>
	<Chip>
    <Name>STM32F100ZC</Name>
    <User>coocox</User>
  </Chip>
	<Chip>
    <Name>STM32F100ZD</Name>
    <User>coocox</User>
  </Chip>
  <Chip>
    <Name>STM32F100ZE</Name>
    <User>coocox</User>
  </Chip>
	<Chip>
    <Name>STM32F101C4</Name>
    <User>coocox</User>
  </Chip>
  <Chip>
    <Name>STM32F101C6</Name>
    <User>coocox</User>
  </Chip>
	<Chip>
    <Name>STM32F101C8</Name>
    <User>coocox</User>
  </Chip>
	<Chip>
    <Name>STM32F101CB</Name>
    <User>coocox</User>
  </Chip>
	<Chip>
    <Name>STM32F101R4</Name>
    <User>coocox</User>
  </Chip>
  <Chip>
    <Name>STM32F101R6</Name>
    <User>coocox</User>
  </Chip>
	<Chip>
    <Name>STM32F101R8</Name>
    <User>coocox</User>
  </Chip>
	<Chip>
    <Name>STM32F101RB</Name>
    <User>coocox</User>
  </Chip>
	<Chip>
    <Name>STM32F101RC</Name>
    <User>coocox</User>
  </Chip>
  <Chip>
    <Name>STM32F101RD</Name>
    <User>coocox</User>
  </Chip>
	<Chip>
    <Name>STM32F101RE</Name>
    <User>coocox</User>
  </Chip>
  <Chip>
    <Name>STM32F101RF</Name>
    <User>coocox</User>
  </Chip>
	<Chip>
    <Name>STM32F101T4</Name>
    <User>coocox</User>
  </Chip>
	<Chip>
    <Name>STM32F101T6</Name>
    <User>coocox</User>
  </Chip>
	<Chip>
    <Name>STM32F101T8</Name>
    <User>coocox</User>
  </Chip>
  <Chip>
    <Name>STM32F101TB</Name>
    <User>coocox</User>
  </Chip>
	<Chip>
    <Name>STM32F101V8</Name>
    <User>coocox</User>
  </Chip>
	<Chip>
    <Name>STM32F101VB</Name>
    <User>coocox</User>
  </Chip>
	<Chip>
    <Name>STM32F101VC</Name>
    <User>coocox</User>
  </Chip>
  <Chip>
    <Name>STM32F101VD</Name>
    <User>coocox</User>
  </Chip>
	<Chip>
    <Name>STM32F101VE</Name>
    <User>coocox</User>
  </Chip>
  <Chip>
    <Name>STM32F101VF</Name>
    <User>coocox</User>
  </Chip>
	<Chip>
    <Name>STM32F101VG</Name>
    <User>coocox</User>
  </Chip>
	<Chip>
    <Name>STM32F101ZC</Name>
    <User>coocox</User>
  </Chip>
	<Chip>
    <Name>STM32F101ZD</Name>
    <User>coocox</User>
  </Chip>
  <Chip>
    <Name>STM32F101ZE</Name>
    <User>coocox</User>
  </Chip>
	<Chip>
    <Name>STM32F102C4</Name>
    <User>coocox</User>
  </Chip>
	<Chip>
    <Name>STM32F102C6</Name>
    <User>coocox</User>
  </Chip>
	<Chip>
    <Name>STM32F102C8</Name>
    <User>coocox</User>
  </Chip>
  <Chip>
    <Name>STM32F102CB</Name>
    <User>coocox</User>
  </Chip>
	<Chip>
    <Name>STM32F102R4</Name>
    <User>coocox</User>
  </Chip>
  <Chip>
    <Name>STM32F102R6</Name>
    <User>coocox</User>
  </Chip>
	<Chip>
    <Name>STM32F102R8</Name>
    <User>coocox</User>
  </Chip>
	<Chip>
    <Name>STM32F102RB</Name>
    <User>coocox</User>
  </Chip>
	<Chip>
    <Name>STM32F103C4</Name>
    <User>coocox</User>
  </Chip>
  <Chip>
    <Name>STM32F103C6</Name>
    <User>coocox</User>
  </Chip>
	<Chip>
    <Name>STM32F103C8</Name>
    <User>coocox</User>
  </Chip>
	<Chip>
    <Name>STM32F103CB</Name>
    <User>coocox</User>
  </Chip>
	<Chip>
    <Name>STM32F103R4</Name>
    <User>coocox</User>
  </Chip>
  <Chip>
    <Name>STM32F103R6</Name>
    <User>coocox</User>
  </Chip>
	<Chip>
    <Name>STM32F103R8</Name>
    <User>coocox</User>
  </Chip>
  <Chip>
    <Name>STM32F103RB</Name>
    <User>coocox</User>
  </Chip>
	<Chip>
    <Name>STM32F103RC</Name>
    <User>coocox</User>
  </Chip>
	<Chip>
    <Name>STM32F103RD</Name>
    <User>coocox</User>
  </Chip>
	<Chip>
    <Name>STM32F103RE</Name>
    <User>coocox</User>
  </Chip>
  <Chip>
    <Name>STM32F103RF</Name>
    <User>coocox</User>
  </Chip>
	<Chip>
    <Name>STM32F103RG</Name>
    <User>coocox</User>
  </Chip>
	<Chip>
    <Name>STM32F103T4</Name>
    <User>coocox</User>
  </Chip>
	<Chip>
    <Name>STM32F103T6</Name>
    <User>coocox</User>
  </Chip>
  <Chip>
    <Name>STM32F103T8</Name>
    <User>coocox</User>
  </Chip>
	<Chip>
    <Name>STM32F103TB</Name>
    <User>coocox</User>
  </Chip>
  <Chip>
    <Name>STM32F103V8</Name>
    <User>coocox</User>
  </Chip>
	<Chip>
    <Name>STM32F103VB</Name>
    <User>coocox</User>
  </Chip>
	<Chip>
    <Name>STM32F103VC</Name>
    <User>coocox</User>
  </Chip>
	<Chip>
    <Name>STM32F103VD</Name>
    <User>coocox</User>
  </Chip>
  <Chip>
    <Name>STM32F103VE</Name>
    <User>coocox</User>
  </Chip>
	<Chip>
    <Name>STM32F103VF</Name>
    <User>coocox</User>
  </Chip>
	<Chip>
    <Name>STM32F103VG</Name>
    <User>coocox</User>
  </Chip>
	<Chip>
    <Name>STM32F103ZC</Name>
    <User>coocox</User>
  </Chip>
  <Chip>
    <Name>STM32F103ZD</Name>
    <User>coocox</User>
  </Chip>
	<Chip>
    <Name>STM32F103ZE</Name>
    <User>coocox</User>
  </Chip>
  <Chip>
    <Name>STM32F103ZF</Name>
    <User>coocox</User>
  </Chip>
	<Chip>
    <Name>STM32F103ZG</Name>
    <User>coocox</User>
  </Chip>
  <Chip>
    <Name>STM32F105R8</Name>
    <User>coocox</User>
  </Chip>
	<Chip>
    <Name>STM32F105RB</Name>
    <User>coocox</User>
  </Chip>
	<Chip>
    <Name>STM32F105RC</Name>
    <User>coocox</User>
  </Chip>
  <Chip>
    <Name>STM32F105V8</Name>
    <User>coocox</User>
  </Chip>
	<Chip>
    <Name>STM32F105VB</Name>
    <User>coocox</User>
  </Chip>
	<Chip>
    <Name>STM32F105VC</Name>
    <User>coocox</User>
  </Chip>
	<Chip>
    <Name>STM32F107RB</Name>
    <User>coocox</User>
  </Chip>
  <Chip>
    <Name>STM32F107RC</Name>
    <User>coocox</User>
  </Chip>
	<Chip>
    <Name>STM32F107VB</Name>
    <User>coocox</User>
  </Chip>
  <Chip>
    <Name>STM32F107VC</Name>
    <User>coocox</User>
  </Chip>
<Chip>
    <Name>STM32F405RG</Name>
    <User>null,coocox,</User>
  </Chip>
  <Chip>
    <Name>STM32F407IG</Name>
    <User>null,coocox,</User>
  </Chip>
  <Chip>
    <Name>STM32F407VG</Name>
    <User>null,coocox,</User>
  </Chip>
  <Chip>
    <Name>STM32F407ZG</Name>
    <User>null,coocox,</User>
  </Chip>
  <Chip>
    <Name>STM32F415RG</Name>
    <User>null,coocox,</User>
  </Chip>
  <Chip>
    <Name>STM32F415VE</Name>
    <User>null,coocox,</User>
  </Chip>
<Chip>
    <Name>STM32F051CB</Name>
    <User>nierosp,coocox,</User>
  </Chip>
  <Chip>
    <Name>STM32F050C4</Name>
    <User>nierosp,coocox,</User>
  </Chip> 
  <Chip>
    <Name>STM32F050K4</Name>
    <User>nierosp,coocox,</User>
  </Chip> 
  <Chip>
    <Name>STM32F050C6</Name>
    <User>nierosp,coocox,</User>
  </Chip> 
  <Chip>
    <Name>STM32F050K6</Name>
    <User>nierosp,coocox,</User>
  </Chip> 
  <Chip>
    <Name>STM32F051C4</Name>
    <User>nierosp,coocox,</User>
  </Chip> 
  <Chip>
    <Name>STM32F051K4</Name>
    <User>nierosp,coocox,</User>
  </Chip> 
  <Chip>
    <Name>STM32F051R4</Name>
    <User>nierosp,coocox,</User>
  </Chip> 
  <Chip>
    <Name>STM32F051C6</Name>
    <User>nierosp,coocox,</User>
  </Chip> 
  <Chip>
    <Name>STM32F051K6</Name>
    <User>nierosp,coocox,</User>
  </Chip> 
  <Chip>
    <Name>STM32F051R6</Name>
    <User>nierosp,coocox,</User>
  </Chip> 
  <Chip>
    <Name>STM32F051C8</Name>
    <User>nierosp,coocox,</User>
  </Chip> 
  <Chip>
    <Name>STM32F051K8</Name>
    <User>nierosp,coocox,</User>
  </Chip> 
  <Chip>
    <Name>STM32F051R8</Name>
    <User>nierosp,coocox,</User>
  </Chip>
</root>
