<?xml version="1.0" encoding="UTF-8" standalone="no"?>
<Root>
  <DeviceFamily> </DeviceFamily>
  <DeviceNumber>LPC2378</DeviceNumber>
  <RegisterGroup>
    <Name>GPIO_BASE_ADDR</Name>
    <BaseAddress>0xE0028000</BaseAddress>
    <PeripheralType> </PeripheralType>
    <Description>General Purpose Input/Output (GPIO)</Description>
    <Size> </Size>
    <User>francis.legarrec,</User>
  <Register>
      <Name>IOPIN0</Name>
      <BaseOffset>0x00</BaseOffset>
      <Access>Read/Write</Access>
      <Description>IOPIN0</Description>
      <ResetValue>0x00</ResetValue>
      <User>francis.legarrec,</User>
    </Register>
  </RegisterGroup>
</Root>
