<?xml version="1.0" encoding="UTF-8" standalone="no"?>
<root>
<Manufacturer>
    <Name>NXP</Name>
    <User>coocox</User>
  </Manufacturer>
  <Manufacturer>
    <Name>ST</Name>
    <User>coocox</User>
  </Manufacturer>
  <Manufacturer>
    <Name>Energy</Name>
    <User>coocox</User>
  </Manufacturer>
  <Manufacturer>
    <Name>Nuvoton</Name>
    <User>coocox</User>
  </Manufacturer>
  <Manufacturer>
    <Name>Holtek</Name>
    <User>coocox</User>
  </Manufacturer>
<Manufacturer>
    <Name>FLG</Name>
    <User>francis.legarrec</User>
  </Manufacturer>
  <Manufacturer>
    <Name>Spansion</Name>
    <User>CooCox</User>
  </Manufacturer>
</root>
